objID,uniquePspsP2id,detectID,ippObjID,ippDetectID,filterID,surveyID,imageID,randomDetID,dvoRegionID,obsTime,xPos,yPos,xPosErr,yPosErr,pltScale,posAngle,ra,dec,raErr,decErr,extNSigma,zp,telluricExt,expTime,airMass,psfFlux,psfFluxErr,psfMajorFWHM,psfMinorFWHM,psfTheta,psfCore,psfQf,psfQfPerfect,psfChiSq,psfLikelihood,momentXX,momentXY,momentYY,momentR1,momentRH,momentM3C,momentM3S,momentM4C,momentM4S,apFlux,apFluxErr,apFillF,apRadius,kronFlux,kronFluxErr,kronRad,sky,skyErr,infoFlag,infoFlag2,infoFlag3,processingVersion,distance
109152958776282151,3204801420002577,268661384420002576,75917841941953,2576,4,0,73631542,0.869073832285659,17676,56787.6140225,826.9600219726562,900.594970703125,0.03828660026192665,0.036979999393224716,-0.25679200887680054,74.34700012207031,295.87763263,0.95975709,0.009831709787249565,0.009496189653873444,0.8632329702377319,24.238000869750977,-0.039792001247406006,30.0,1.063770055770874,0.0002599809959065169,4.139099928579526e-06,1.128600001335144,1.0416799783706665,28.476600646972656,0.031457800418138504,0.9978600144386292,0.9841200113296509,25.329599380493164,0.3880090117454529,0.13594800233840942,0.006256239954382181,0.14038200676441193,0.8437319993972778,0.7348870038986206,0.012346000410616398,-0.012188100256025791,-0.004055439960211515,0.0022796099074184895,0.0002653640112839639,2.6610000531945843e-06,0.8606160283088684,2.3111300468444824,0.00024409699835814536,5.810939910588786e-06,2.10932993888855,7.911030115792528e-05,5.9497101574379485e-06,102760453,128,7374912,3,2.052735174778989e-07
109152958776282151,3204824420002699,268661655420002698,75917841941953,2698,4,0,73632142,0.686616787395083,17676,56787.616733,827.0759887695312,901.0289916992188,0.03912920132279396,0.03681429848074913,-0.25679200887680054,74.34700012207031,295.87762673,0.95975865,0.010048000141978264,0.009453590027987957,-0.9976760149002075,24.238300323486328,-0.03950100019574165,30.0,1.0630300045013428,0.0002531649952288717,4.0850100049283355e-06,1.10385000705719,1.0162099599838257,23.56529998779297,0.15231800079345703,0.9957119822502136,0.9749050140380859,1.159250020980835,-0.31843701004981995,0.13752800226211548,0.004797589965164661,0.12978200614452362,0.794700026512146,0.7369480133056641,0.012827199883759022,-0.003206549910828471,-0.009927580133080482,0.003423549933359027,0.0002409089938737452,2.5401700440852437e-06,0.8684750199317932,2.31112003326416,0.00021954599651508033,5.3890298659098335e-06,1.9867500066757202,7.483990339096636e-05,5.8814798649109434e-06,102760453,128,7374912,3,2.052735174778989e-07
109152958776282151,3204857520002490,268362374520002489,75917841941953,2489,5,0,73442652,0.933717464035114,17676,56784.6239313,343.8160095214844,2563.530029296875,0.05988200008869171,0.06055460125207901,-0.2567870020866394,44.282901763916016,295.87762482,0.95976172,0.01537690032273531,0.015549699775874615,-1.1048500537872314,23.2091007232666,-0.11358900368213654,30.0,1.0632699728012085,0.0002506460004951805,7.968339559738524e-06,0.8525869846343994,0.7890769839286804,-52.31919860839844,0.2559109926223755,0.9985830187797546,0.9980729818344116,1.121269941329956,-0.26922300457954407,0.08157770335674286,-0.002420139964669943,0.08521819859743118,0.661827027797699,0.6040470004081726,0.008397970348596573,-0.0006553800194524229,0.0035947500728070736,-0.002028709976002574,0.0002233239938504994,3.919679784303298e-06,0.8455110192298889,2.05430006980896,0.00020372499420773238,1.1662699762382545e-05,1.6545699834823608,0.00021552799444179982,1.5681300283176824e-05,102760453,128,7374912,3,2.052735174778989e-07
109152958776282151,3204886520002937,268362866520002936,75917841941953,2936,5,0,73443652,0.217929461242565,17676,56784.6288471,342.9410095214844,2564.010009765625,0.07042620331048965,0.07043749839067459,-0.25681400299072266,44.28229904174805,295.87762324,0.95975692,0.018086500465869904,0.018089400604367256,0.9629579782485962,23.212900161743164,-0.10983999818563461,30.0,1.0625100135803223,0.0002414839982520789,8.767259714659303e-06,0.8654760122299194,0.788765013217926,-46.73659896850586,0.29363301396369934,0.9978539943695068,0.9978539943695068,1.1498099565505981,0.33556899428367615,0.10384500026702881,0.0003703520051203668,0.08545959740877151,0.7675399780273438,0.6705740094184875,-7.843189814593643e-05,-0.0016191699542105198,-0.01319700013846159,-0.0017220500158146024,0.00025233899941667914,4.162429831922054e-06,0.880325973033905,2.0545101165771484,0.00022996599727775902,1.5371599147329107e-05,1.9188499450683594,0.00030170701211318374,1.8391900084679946e-05,102760453,128,7374912,3,2.052735174778989e-07
109152958776282151,3231429610002499,211122239610002498,75917841941953,2498,4,0,53051461,0.283204133886103,17676,56212.2225742,3881.590087890625,3639.60009765625,0.051802899688482285,0.07908059656620026,-0.25558900833129883,26.890600204467773,295.87762992,0.95975209,0.013240300118923187,0.020212100818753242,-19.212200164794922,24.243600845336914,-0.018391000106930733,30.0,1.0759899616241455,0.00027549100923351943,5.34506989424699e-06,1.3579800128936768,1.262869954109192,-66.88140106201172,-0.09874650090932846,0.5432890057563782,0.5432890057563782,1.1743700504302979,-0.0,0.17730100452899933,-0.01006729993969202,0.12766000628471375,0.8217170238494873,0.6719970107078552,0.01881459914147854,0.01955609954893589,-0.0025271999184042215,-0.001110719982534647,0.00010617700172588229,1.6664699842294795e-06,0.43931999802589417,2.8114800453186035,0.00014980700507294387,4.1887201405188534e-06,2.0542900562286377,6.120200123405084e-05,5.4637298489979e-06,102760453,128,32768,3,2.052735174778989e-07
109152958776282151,3231446610004239,211123358610004238,75917841941953,4238,4,0,53053561,0.7542183462104,17676,56212.2337724,3878.419921875,3642.080078125,0.12711100280284882,0.373104989528656,-0.25558900833129883,26.889299392700195,295.877632,0.95972369,0.032488200813531876,0.09536139667034149,-11.141200065612793,24.2367000579834,-0.023307999595999718,30.0,1.090939998626709,0.000206501004868187,9.674879947851878e-06,1.1639599800109863,1.0786499977111816,-78.35060119628906,-0.0280154999345541,0.18985800445079803,0.18985800445079803,1.1979199647903442,-7.90038009528897e-29,0.1268959939479828,0.013765799812972546,0.04548310115933418,0.7153270244598389,0.552619993686676,-0.015544000081717968,0.011478699743747711,-0.0045218998566269875,-0.006826790049672127,1.9806500858976506e-05,7.221850069072389e-07,0.28329598903656006,2.5558900833129883,3.786190063692629e-05,3.450049916864373e-06,1.7883199453353882,6.893170211696997e-05,5.79172001380357e-06,102760453,128,32768,3,2.052735174778989e-07
109152958776282151,3231470500002772,211119918500002771,75917841941953,2771,5,0,53047050,0.559495050981171,17676,56212.1993698,1172.780029296875,3405.330078125,0.08665099740028381,0.08665099740028381,-0.2556400001049042,56.86199951171875,295.87762232,0.95977708,0.0221513994038105,0.0221513994038105,-1.2642699480056763,23.251100540161133,-0.06919100135564804,30.0,1.0625699758529663,0.0002817130007315427,1.1473000085970853e-05,1.2163399457931519,1.1541800498962402,80.60769653320312,0.4663830101490021,0.9634159803390503,0.9634159803390503,1.0294599533081055,-0.20613400638103485,0.17226199805736542,0.0034838500432670116,0.18244600296020508,0.8608390092849731,0.7579290270805359,-0.018836399540305138,0.009656690061092377,0.0036583200562745333,0.0002603839966468513,0.00024652000865899026,4.043160060973605e-06,0.7576299905776978,2.812040090560913,0.0002281380002386868,1.5936400814098306e-05,2.152100086212158,0.00027588498778641224,1.64853991009295e-05,35651585,128,7374912,3,2.052735174778989e-07
109152958776282151,3231486500002256,211121067500002255,75917841941953,2255,5,0,53049250,0.786547343047845,17676,56212.2108548,1172.9300537109375,3410.56005859375,0.13938799500465393,0.14449800550937653,-0.25564199686050415,56.861000061035156,295.87763807,0.95975202,0.035633400082588196,0.0369395986199379,-1.9302300214767456,23.25950050354004,-0.060534000396728516,30.0,1.0663299560546875,0.0002747910039033741,1.0854199899767991e-05,1.5179799795150757,1.4199800491333008,67.7500991821289,0.3451339900493622,0.952767014503479,0.952767014503479,0.9162350296974182,-0.05357860028743744,0.21153299510478973,-0.0013272500364109874,0.2622080147266388,1.0277700424194336,0.7913659811019897,-0.015472999773919582,0.0026371199637651443,-0.008645989932119846,0.005379780195653439,0.0002508189936634153,4.006779818155337e-06,0.7860310077667236,3.578979969024658,0.00022197200451046228,1.5277499187504873e-05,2.569430112838745,0.00016779500583652407,1.3603399565909058e-05,102760453,128,7374912,3,2.052735174778989e-07
109152958776282151,3231504610001664,198857483610001663,75917841941953,1663,2,0,49747861,0.135570550463694,17676,56089.5750795,3892.25,3676.6298828125,0.021002400666475296,0.0233325008302927,-0.25563499331474304,26.89109992980957,295.87762507,0.95976309,0.005368960089981556,0.0059646000154316425,-0.5747479796409607,24.71109962463379,-0.06571000069379807,40.0,1.1002800464630127,0.00027255399618297815,2.3725899609416956e-06,1.3207999467849731,1.156790018081665,-68.6489028930664,-0.1824129968881607,0.999085009098053,0.9516209959983826,1.2511800527572632,-0.5654619932174683,0.15620000660419464,-0.010018499568104744,0.1751050055027008,0.936627984046936,0.7859820127487183,0.006437269970774651,0.004862410016357899,0.0027496099937707186,-0.00025140499928966165,0.00026871400768868625,1.843879999796627e-06,0.8865320086479187,2.8119900226593018,0.0002491830091457814,2.8872400434920564e-06,2.3415699005126953,2.4182900233427063e-05,2.514309926482383e-06,102760517,128,7374912,3,2.052735174778989e-07
109152958776282151,3231530610001730,198858503610001729,75917841941953,1729,2,0,49749361,0.40293997377431,17676,56089.5852771,3887.840087890625,3675.43994140625,0.021988999098539352,0.023383300751447678,-0.25563499331474304,26.889400482177734,295.87762651,0.95976339,0.0056211501359939575,0.005977590102702379,-0.3139129877090454,24.707700729370117,-0.06728199869394302,40.0,1.121899962425232,0.0002687909873202443,2.372860080868122e-06,1.2746100425720215,1.211609959602356,-80.93009948730469,-0.13212500512599945,0.9988600015640259,0.9988600015640259,1.259160041809082,-0.753587007522583,0.15927299857139587,-0.001305470010265708,0.17188900709152222,0.9563390016555786,0.7924680113792419,0.0058785998262465,0.0010876599699258804,0.004319060128182173,-0.0003136160084977746,0.0002668350061867386,1.8415699969409616e-06,0.8812710046768188,2.8119800090789795,0.00024556199787184596,2.939629894171958e-06,2.390850067138672,2.4214799850597046e-05,2.423169917165069e-06,102760517,128,7374912,3,2.052735174778989e-07
109152958776282151,3231553610002271,198955644610002270,75917841941953,2270,3,0,49802161,0.707710699837385,17676,56090.5567136,3907.31005859375,3678.18994140625,0.022019600495696068,0.024218499660491943,-0.2555620074272156,26.89310073852539,295.87762627,0.95976031,0.0056273601949214935,0.006189319770783186,-0.33703601360321045,24.588600158691406,-0.02667500078678131,45.0,1.0770299434661865,0.00027130701346322894,2.3605900878465036e-06,1.3912099599838257,1.2240999937057495,-66.12689971923828,-0.27484700083732605,0.9988549947738647,0.9934750199317932,1.215019941329956,-0.7360900044441223,0.16752199828624725,-0.009819550439715385,0.18474599719047546,1.0159300565719604,0.8122349977493286,0.004507679957896471,-0.0035988199524581432,0.001558589981868863,-1.0693799595173914e-05,0.00027348200092092156,1.8555599581304705e-06,0.8917940258979797,2.8111801147460938,0.00025432099937461317,3.155779950247961e-06,2.539829969406128,3.096169893979095e-05,2.6701400202000514e-06,102760453,128,7374912,3,2.052735174778989e-07
109152958776282151,3231576610002155,198956761610002154,75917841941953,2154,3,0,49803361,0.259890822935748,17676,56090.5678861,3902.840087890625,3674.090087890625,0.018561799079179764,0.020921699702739716,-0.2555600106716156,26.89150047302246,295.87762501,0.95976002,0.004743650089949369,0.005346749909222126,-0.998848021030426,24.583200454711914,-0.03139900043606758,45.0,1.092419981956482,0.0002722629869822413,2.2932999854674563e-06,1.2899800539016724,1.0597100257873535,-62.35409927368164,-0.3856259882450104,0.9978929758071899,0.9904230237007141,1.3891899585723877,-0.3178679943084717,0.1288129985332489,-0.011720799840986729,0.14490799605846405,0.8828269839286804,0.754364013671875,0.0014984499430283904,-0.0011472300393506885,-0.005974519997835159,0.0011083900462836027,0.00026674498803913593,1.8373000330029754e-06,0.8849009871482849,2.5555999279022217,0.0002490170008968562,2.9478899250534596e-06,2.2070701122283936,3.415789979044348e-05,2.687500000320142e-06,102760517,128,7374912,3,2.052735174778989e-07
109152958776282151,3231689020002830,171822951020002829,75917841941953,2829,5,0,39266802,0.00952386856966081,17676,55819.229693,4150.1298828125,2632.0400390625,0.07057639956474304,0.08232639729976654,-0.2553749978542328,-72.41259765625,295.87762006,0.95978117,0.018023500218987465,0.021024100482463837,-2.525860071182251,23.224199295043945,-0.11541999876499176,30.0,1.1032400131225586,0.00027227698592469096,8.773709851084277e-06,1.1437000036239624,0.9334520101547241,-68.85359954833984,0.05002079904079437,0.996474027633667,0.996474027633667,1.003190040588379,-0.011541499756276608,0.09657829999923706,-0.007896119728684425,0.11768899857997894,0.7558689713478088,0.6402570009231567,-0.014234700240194798,0.0005872140172868967,-0.010152899660170078,0.0017539799446240067,0.0002386739943176508,4.0245899981528055e-06,0.8684750199317932,2.298379898071289,0.00022105500102043152,1.273119960387703e-05,1.8896700143814087,0.00019622899708338082,1.5334400814026594e-05,102760453,128,7374912,3,2.052735174778989e-07
109152958776282151,3231707020002590,171824081020002589,75917841941953,2589,5,0,39268702,0.961607929283388,17676,55819.240988,4152.41015625,2628.3798828125,0.06966520100831985,0.07826530188322067,-0.2553499937057495,-72.41329956054688,295.8776074,0.95978573,0.017789000645279884,0.019985100254416466,-1.7706899642944336,23.229999542236328,-0.11105000227689743,30.0,1.0844700336456299,0.00027039399719797075,8.458479896944482e-06,1.1162400245666504,0.9773280024528503,-72.54429626464844,-0.18414899706840515,0.9983630180358887,0.9983630180358887,1.173550009727478,-0.07661200314760208,0.09003330022096634,-0.0026954300701618195,0.11923900246620178,0.7728009819984436,0.6336529850959778,-0.025009600445628166,0.0023390199057757854,0.009265470318496227,-0.0029944200068712234,0.0002552230143919587,4.128430191485677e-06,0.8527560234069824,2.298150062561035,0.00023467600112780929,1.2883800081908703e-05,1.9320000410079956,0.00018988800002261996,1.533780050522182e-05,102760453,128,7374912,3,2.052735174778989e-07
109152958776282151,3231760710001091,172133756710001090,75917841941953,1090,2,0,39373171,0.198869941010019,17676,55822.3378071,1432.8800048828125,2645.0,0.01752449944615364,0.01753080077469349,-0.2552559971809387,-12.281299591064453,295.87762784,0.95975853,0.004473240114748478,0.004474840126931667,0.36330699920654297,24.670000076293945,-0.08782599866390228,40.0,1.1842199563980103,0.00026224201428703964,2.01186003323528e-06,1.2614500522613525,1.1104300022125244,-45.05569839477539,-0.6504409909248352,0.9970960021018982,0.9870089888572693,1.5559500455856323,0.716376006603241,0.1406639963388443,-0.011373800225555897,0.14664100110530853,0.8804900050163269,0.726921021938324,0.025488000363111496,-0.037884000688791275,-0.007942009717226028,-0.003108150092884898,0.0002612049866002053,1.8485400232748361e-06,0.8689860105514526,2.5525600910186768,0.0002433339977869764,2.5324500256829197e-06,2.201230049133301,2.3008800781099126e-05,2.5118799840129213e-06,102760517,128,7374912,3,2.052735174778989e-07
109152958776282151,3231789710001036,172134787710001035,75917841941953,1035,2,0,39374771,0.316314422820056,17676,55822.3481075,1431.510009765625,2643.510009765625,0.019726699218153954,0.018846800550818443,-0.25526100397109985,-12.281999588012695,295.87762711,0.959758,0.005035450216382742,0.00481085991486907,-0.0754254013299942,24.6697998046875,-0.08444300293922424,40.0,1.2257800102233887,0.0002606750058475882,2.1090700101922266e-06,1.3176499605178833,1.1092100143432617,-39.43410110473633,-0.5530650019645691,0.9990000128746033,0.9727529883384705,1.5572600364685059,-0.9398760199546814,0.15345600247383118,-0.013432299718260765,0.14822599291801453,0.8145440220832825,0.7304009795188904,0.019043900072574615,-0.030306600034236908,0.001526299980469048,0.00036816499778069556,0.0002516290114726871,1.8274899957759771e-06,0.8658030033111572,2.552609920501709,0.0002345690008951351,2.488349991836003e-06,2.036360025405884,2.7521600713953376e-05,2.625170054670889e-06,102760517,128,7374912,3,2.052735174778989e-07
109152958776282151,3231847500002192,171531133500002191,75917841941953,2191,3,0,39138250,0.276728811000221,17676,55816.3115933,2878.590087890625,1290.9300537109375,0.0191516000777483,0.01980780065059662,-0.2552179992198944,17.800500869750977,295.87761547,0.95978577,0.004887850023806095,0.00505531020462513,-0.383091002702713,24.578899383544922,-0.032868001610040665,45.0,1.0819000005722046,0.0002591949887573719,2.5678400561446324e-06,0.9551830291748047,0.8732470273971558,-56.258399963378906,-0.0009755169739946723,0.9978910088539124,0.8888580203056335,1.3071600198745728,-0.7016519904136658,0.09199660271406174,-0.0030582500621676445,0.09840340167284012,0.8157430291175842,0.690097987651825,-0.004509500227868557,-0.005338720045983791,0.0034761300776153803,-0.0010967400157824159,0.0002559710119385272,1.820509965000383e-06,0.8355630040168762,2.0417399406433105,0.00023747999512124807,3.86870988222654e-06,2.0393600463867188,9.513249824522063e-05,4.482959866436431e-06,102760517,128,7374912,3,2.052735174778989e-07
109152958776282151,3231867500002174,171530019500002173,75917841941953,2173,3,0,39136650,0.720588638187003,17676,55816.3004632,2872.5,1296.8199462890625,0.021019700914621353,0.021595699712634087,-0.2552250027656555,17.802499771118164,295.87761626,0.95978282,0.005364750046283007,0.005511759780347347,0.6025819778442383,24.582000732421875,-0.03024199977517128,45.0,1.0701600313186646,0.00025886899675242603,2.613810011098394e-06,1.0130800008773804,0.9520019888877869,-61.73210144042969,-0.05120309814810753,0.9974759817123413,0.7793909907341003,1.2395399808883667,0.5467870235443115,0.1062380000948906,-0.0030655700247734785,0.11010099947452545,0.8178650140762329,0.7124500274658203,-0.002305819885805249,-0.007229240145534277,0.002548899967223406,0.0007640129770152271,0.00026273299590684474,1.8481499637346133e-06,0.8355630040168762,2.041800022125244,0.00024121800379361957,3.846429990517208e-06,2.0446600914001465,9.377740207128227e-05,4.327489932620665e-06,102760517,128,34880,3,2.052735174778989e-07
109152958776282151,3232100330002075,196158496330002074,75917841941953,2074,4,0,48804433,0.123971943858985,17676,56062.5851496,4648.35009765625,928.4580078125,0.027668099850416183,0.025850199162960052,-0.2572369873523712,-93.31060028076172,295.87762627,0.95975775,0.007117259781807661,0.006649619899690151,-0.8013439774513245,24.24970054626465,-0.03373799845576286,30.0,1.0724600553512573,0.0002621689927764237,3.9570199987792876e-06,0.8732630014419556,0.76254802942276,-31.432600021362305,0.10036899894475937,0.9991970062255859,0.9991970062255859,0.8890159726142883,-0.42293301224708557,0.08865349739789963,-0.00611461978405714,0.08012840151786804,0.7193549871444702,0.6177570223808289,0.002521130023524165,-0.0043723201379179955,0.008483920246362686,-0.002349680056795478,0.0002532539947424084,2.5782599095691694e-06,0.8405370116233826,2.0578999519348145,0.0002333309967070818,5.69259009353118e-06,1.7983900308609009,8.657720172777772e-05,6.203520115377614e-06,102760517,128,7374912,3,2.052735174778989e-07
109152958776282151,3232117330002349,196159775330002348,75917841941953,2348,4,0,48807533,0.237598979135602,17676,56062.5979386,4639.8798828125,925.02099609375,0.030749499797821045,0.026733899489045143,-0.2572450041770935,-93.30979919433594,295.87762577,0.95976027,0.007910169661045074,0.006877169944345951,0.6087129712104797,24.252399444580078,-0.031296998262405396,30.0,1.0641599893569946,0.0002589919895399362,3.992769961769227e-06,0.9285359978675842,0.8004630208015442,-8.633090019226074,0.061763301491737366,0.9980400204658508,0.9925469756126404,0.9814500212669373,0.54271399974823,0.0993637964129448,-0.0018294700421392918,0.08445589989423752,0.7610210180282593,0.7010149955749512,0.0007754929829388857,-0.002316740108653903,-0.011344799771904945,0.0006602940266020596,0.00025612598983570933,2.593870021883049e-06,0.8654050230979919,2.057960033416748,0.00023583999427501112,5.852240064996295e-06,1.9025499820709229,8.008359873201698e-05,6.233959993551252e-06,102760453,128,7374912,3,2.052735174778989e-07
109152958776282151,3232135330002415,194361538330002414,75917841941953,2414,5,0,48211433,0.0690343566881813,17676,56044.6155614,4670.16015625,974.1380004882812,0.08205399662256241,0.08205399662256241,-0.2572380006313324,-93.31079864501953,295.87762118,0.95975617,0.021107399836182594,0.021107399836182594,0.3805679976940155,23.332700729370117,0.0055610002018511295,30.0,1.097749948501587,0.000258865999057889,9.983259587897919e-06,0.8512610197067261,0.7827709913253784,0.6819639801979065,0.5672580003738403,0.9969689846038818,0.9969689846038818,1.0336400270462036,0.7035239934921265,0.09942209720611572,0.002344920067116618,0.08875200152397156,0.770937979221344,0.6729050278663635,0.01710359938442707,-0.003762749955058098,-0.011611799709498882,0.001613890053704381,0.0002799039939418435,4.184740191703895e-06,0.8554580211639404,2.0579099655151367,0.00025592598831281066,1.772679934219923e-05,1.927340030670166,0.0003879370051436126,2.0061299437657e-05,35651585,128,7374912,3,2.052735174778989e-07
109152958776282151,3232152330002490,194362770330002489,75917841941953,2489,5,0,48214033,0.224408390209459,17676,56044.6278922,4673.5400390625,966.0120239257812,0.08341290056705475,0.08341290056705475,-0.2572610080242157,-93.31230163574219,295.8776286,0.95976255,0.021458899602293968,0.021458899602293968,-0.4381220042705536,23.34239959716797,0.013950999826192856,30.0,1.079300045967102,0.0002613989927340299,1.0247899808746297e-05,0.9221410155296326,0.834306001663208,11.888999938964844,0.5022299885749817,0.9961850047111511,0.9961850047111511,0.970212996006012,-0.6612979769706726,0.11270000040531158,-0.002155170077458024,0.09415700286626816,0.75661301612854,0.6719890236854553,-0.005562410224229097,0.011543200351297855,0.0023452499881386757,0.0005731550045311451,0.00024430701159872115,3.90029981645057e-06,0.830590009689331,2.0580899715423584,0.0002217860019300133,1.6512000001966953e-05,1.8915300369262695,0.0003557029995135963,1.8706799892242998e-05,35651585,128,7374912,3,2.052735174778989e-07
109152958776282151,3232170330001237,198747229330001236,75917841941953,1236,2,0,49670333,0.424127671331286,17676,56088.4725261,4642.77978515625,939.4569702148438,0.01723010092973709,0.019738299772143364,-0.25722700357437134,-93.30829620361328,295.87762409,0.95975851,0.004432050045579672,0.005077220033854246,-1.6180200576782227,24.719600677490234,-0.06640499830245972,40.0,1.1527099609375,0.00027686101384460926,2.4497799131495412e-06,1.1176199913024902,0.978181004524231,77.00060272216797,-0.3295449912548065,0.9986609816551208,0.9986609816551208,0.9651129841804504,-0.10565800219774246,0.10807099938392639,0.0043280599638819695,0.12661999464035034,0.8775799870491028,0.7175599932670593,0.00865808967500925,-0.00939038023352623,0.005469710100442171,-0.0004471300053410232,0.0002728970139287412,1.8713300278250244e-06,0.856685996055603,2.315049886703491,0.0002514169900678098,3.3410799460398266e-06,2.1939499378204346,3.3456701203249395e-05,2.763330030575162e-06,102760517,128,7374912,3,2.052735174778989e-07
109152958776282151,3232196330001271,198748218330001270,75917841941953,1270,2,0,49671933,0.691092448952694,17676,56088.4824212,4640.06005859375,938.4550170898438,0.01996609941124916,0.023614300414919853,-0.25723400712013245,-93.30870056152344,295.87762465,0.95976266,0.005135959945619106,0.006074400153011084,-1.5749900341033936,24.725900650024414,-0.06243100017309189,40.0,1.1254700422286987,0.0002721479977481067,2.5355700472573517e-06,1.2358399629592896,1.0578199625015259,80.81950378417969,-0.23502500355243683,0.997534990310669,0.997534990310669,0.9245989918708801,-0.11525899916887283,0.12505799531936646,0.0029418300837278366,0.1549769937992096,0.8838549852371216,0.738286018371582,0.006341239903122187,-0.005526519846171141,0.005019700154662132,0.0017963099526241422,0.00026563400751911104,1.837659965531202e-06,0.872169017791748,2.5723400115966797,0.00024047799524851143,3.340559942444088e-06,2.2096400260925293,3.420790017116815e-05,2.771090066744364e-06,102760517,128,7374912,3,2.052735174778989e-07
109152958776282151,3232221330001741,198753534330001740,75917841941953,1740,3,0,49679933,0.55138844768646,17676,56088.5356186,3473.860107421875,3135.10009765625,0.015800099819898605,0.015070900321006775,-0.2571519911289215,-123.31600189208984,295.87762809,0.9597604,0.004063029773533344,0.0038755100686103106,-1.168779969215393,24.617799758911133,-0.024877000600099564,45.0,1.0624799728393555,0.00026739301392808557,2.227589902759064e-06,0.9914730191230774,0.8232619762420654,-38.162601470947266,-0.16885599493980408,0.9978479743003845,0.25727200508117676,1.094499945640564,-0.24249200522899628,0.09279219806194305,-0.008876989595592022,0.08726149797439575,0.7279109954833984,0.6727250218391418,0.0016602800460532308,-0.0099982600659132,-0.009441420435905457,0.00044716900447383523,0.00026628898922353983,1.826919969971641e-06,0.8554580211639404,2.057219982147217,0.00024325199774466455,2.836070052580908e-06,1.8197799921035767,4.081110091647133e-05,2.8786998882424086e-06,102760517,160,34880,3,2.052735174778989e-07
109152958776282151,3232269330001877,198754644330001876,75917841941953,1876,3,0,49681533,0.592656080231682,17676,56088.5467141,3464.389892578125,3135.909912109375,0.015973500907421112,0.014412700198590755,-0.2571510076522827,-123.31700134277344,295.87762595,0.9597588,0.004107600077986717,0.0037062501069158316,0.12660899758338928,24.61750030517578,-0.0250840000808239,45.0,1.0649000406265259,0.00026356999296694994,2.227480081273825e-06,0.9423490166664124,0.8245059847831726,-19.51580047607422,-0.15343399345874786,0.9980250000953674,0.6954699754714966,1.035949945449829,0.8992499709129333,0.09588939696550369,-0.004861920140683651,0.08979450166225433,0.7450990080833435,0.6606280207633972,-0.00030038299155421555,-0.01011939998716116,0.0031336001120507717,0.0002632669929880649,0.0002660350000951439,1.8219900539406808e-06,0.8355630040168762,2.0572099685668945,0.0002432000037515536,2.8496999675553525e-06,1.8627500534057617,3.985190051025711e-05,2.850320015568286e-06,102760517,160,34880,3,2.052735174778989e-07
109152958776282151,3232321330000903,199351812330000902,75917841941953,902,1,0,50042433,0.163008064183414,17676,56094.5183841,3472.179931640625,3145.18994140625,0.028826000168919563,0.0301596000790596,-0.25722000002861023,-123.31300354003906,295.87762621,0.95976342,0.007414630148559809,0.007757669780403376,0.6287379860877991,24.4960994720459,-0.07867000252008438,43.0,1.0625100135803223,0.00024694998865015805,2.5174599613819737e-06,1.4952900409698486,1.3283599615097046,-56.45949935913086,-0.14166299998760223,0.9986420273780823,0.9986420273780823,0.8430520296096802,0.5295199751853943,0.23177899420261383,-0.013187999837100506,0.24020099639892578,0.9977220296859741,0.8585169911384583,0.010127600282430649,0.006441549863666296,-0.001006089965812862,0.00017808499978855252,0.00024509101058356464,1.871179961199232e-06,0.9097260236740112,3.343869924545288,0.00022486899979412556,2.9351799639698584e-06,2.49429988861084,7.007140084169805e-06,1.8519799596106168e-06,1176502341,128,34880,3,2.052735174778989e-07
109152958776282151,3232361330000995,199352864330000994,75917841941953,994,1,0,50043933,0.915126982065967,17676,56094.5289052,3466.06005859375,3141.5400390625,0.03118940070271492,0.036866698414087296,-0.257205992937088,-123.31500244140625,295.87763272,0.95976035,0.008022099733352661,0.009482350200414658,0.24333100020885468,24.497600555419922,-0.07687699794769287,43.0,1.0642999410629272,0.0002374420000705868,2.523200009818538e-06,1.7026599645614624,1.4005999565124512,-72.49629974365234,-0.20081999897956848,0.9987620115280151,0.9987620115280151,0.8147730231285095,0.8077489733695984,0.2512499988079071,-0.011646700091660023,0.3022010028362274,1.0773799419403076,0.8659539818763733,0.013035199604928493,-0.029814599081873894,0.0019596100319176912,0.0028824300970882177,0.00023616499674972147,1.8315099623578135e-06,0.9110810160636902,3.6008899211883545,0.0002173590037273243,3.075700078625232e-06,2.6934399604797363,7.134110092010815e-06,1.8597700091049774e-06,1176502341,128,34880,3,2.052735174778989e-07
109152958776282151,3234586060000773,205934978060000772,75917841941953,772,1,0,51315406,0.00704215840161048,17676,56160.3500319,2226.4599609375,1054.18994140625,0.041214801371097565,0.04241060093045235,-0.2552669942378998,-123.24600219726562,295.87765748,0.95976877,0.01052080001682043,0.01082600001245737,1.1962800025939941,24.4822998046875,-0.10482499748468399,43.0,1.064869999885559,0.00024341800599358976,2.8408699108695146e-06,1.6975899934768677,1.6446599960327148,-69.77729797363281,-0.11935199797153473,0.9986950159072876,0.9986950159072876,0.8134649991989136,0.23158599436283112,0.31352299451828003,-0.0017257799627259374,0.3143720030784607,1.1975899934768677,0.9433259963989258,0.015420399606227875,6.791720079490915e-05,0.0012940800515934825,0.00027306401170790195,0.0002533450024202466,1.9090300611424027e-06,0.9045850038528442,3.573740005493164,0.00023536599474027753,3.9373699110001326e-06,2.9939699172973633,9.35832031245809e-06,2.394639977865154e-06,102760517,128,7374912,3,2.052735174778989e-07
109152958776282151,3234639060000768,205936091060000767,75917841941953,767,1,0,51317106,0.957454537933184,17676,56160.3611636,2214.919921875,1057.1600341796875,0.039406098425388336,0.03920760005712509,-0.255297988653183,-123.25199890136719,295.87766549,0.9597745,0.01006030011922121,0.010009599849581718,0.48372501134872437,24.481599807739258,-0.10440299659967422,43.0,1.072510004043579,0.00023906400019768625,2.6441700811119517e-06,1.7908200025558472,1.6850299835205078,-41.86479949951172,-0.41289401054382324,0.9986540079116821,0.9986540079116821,0.8710830211639404,0.6285809874534607,0.3185650110244751,-0.012960799969732761,0.31027498841285706,1.0985100269317627,0.8992019891738892,0.013803799636662006,-0.008874169550836086,-0.001078139990568161,-0.0015614100266247988,0.0002324939996469766,1.8196600422015763e-06,0.9195619821548462,3.829479932785034,0.00022322000586427748,3.439759893808514e-06,2.746259927749634,4.173210072622169e-06,2.1410598947113613e-06,102760517,128,7374912,3,2.052735174778989e-07
109152958776282151,3234811360001609,164652148360001608,75917841941953,1608,2,0,35821236,0.860793874469394,17676,55747.5217185,4136.830078125,4.2700300216674805,0.032574500888586044,0.04554300010204315,-0.2559719979763031,-137.47000122070312,295.87762638,0.95976919,0.008338159881532192,0.011657699942588806,-12.785099983215332,24.721900939941406,-0.05127999931573868,40.0,1.1216800212860107,0.000266301998635754,2.7064500045526074e-06,1.5501099824905396,1.5235600471496582,-74.7593002319336,0.18108899891376495,0.7466850280761719,0.31074100732803345,1.4782600402832031,-1.9850500333467236e-37,0.28663700819015503,-0.0029654100071638823,0.18023400008678436,1.0710300207138062,0.7785710096359253,0.0030550400260835886,-0.03288609907031059,-0.008173510432243347,-0.0001409800024703145,0.00015032000374048948,1.3692899756279076e-06,0.4920809864997864,3.5836100578308105,0.00016837799921631813,2.11779001801915e-06,2.677570104598999,1.2229899766680319e-05,1.8352200186200207e-06,102760453,160,32768,3,2.052735174778989e-07
109152958776282151,3235127160000958,164053288160000957,75917841941953,957,1,0,35453716,0.267748455766354,17676,55741.533136,1291.93994140625,4161.41015625,0.03160810098052025,0.03153889998793602,-0.25600600242614746,-167.4040069580078,295.87762622,0.9597609,0.008091860450804234,0.008074140176177025,0.9615989923477173,24.316499710083008,-0.2631939947605133,43.0,1.1104700565338135,0.0002275629958603531,2.4814899006742053e-06,1.3602700233459473,1.3563300371170044,61.76850128173828,0.1091729998588562,0.9992079734802246,0.9992079734802246,1.2711000442504883,0.33625099062919617,0.2292730063199997,-0.001008489984087646,0.2258490025997162,1.1002399921417236,0.8767510056495667,-0.003359660040587187,-0.014588099904358387,0.00029886499396525323,0.0001607650046935305,0.00023170099302660674,1.988830035770661e-06,0.9018779993057251,3.0720698833465576,0.00021343299886211753,2.9070799882902065e-06,2.7505900859832764,8.202289791370276e-06,2.08796996048477e-06,102760517,128,7342144,3,2.052735174778989e-07
109152958776282151,3235177160000990,164054328160000989,75917841941953,989,1,0,35455316,0.3837203163502,17676,55741.5435441,1292.77001953125,4163.1298828125,0.027386700734496117,0.0282818004488945,-0.2560029923915863,-167.40499877929688,295.87763049,0.95976066,0.007011069916188717,0.007240210194140673,0.9788979887962341,24.041200637817383,-0.5348659753799438,43.0,1.1354199647903442,0.00022074799926485866,2.718230007303646e-06,1.1174700260162354,1.0856000185012817,74.40670013427734,-0.054515399038791656,0.9976199865341187,0.9976199865341187,1.1877399682998657,0.32763001322746277,0.13975800573825836,0.0009343079873360693,0.14689700305461884,0.967490017414093,0.7695649862289429,-0.0020489199087023735,-0.0071655199863016605,-0.005654059816151857,0.00021856599778402597,0.00022510399867314845,2.22590006160317e-06,0.8785349726676941,2.560029983520508,0.00020975999359507114,3.3071999041567324e-06,2.4187300205230713,1.0914300219155848e-05,2.5166600607917644e-06,102760517,128,7342144,3,2.052735174778989e-07
109152958776282151,3238668740003433,91049155740003432,75917841941953,3432,2,0,8297174,0.941411656272981,17676,55011.4917722,4151.25,2666.25,0.048226501792669296,0.058743398636579514,-0.2554500102996826,35.81449890136719,295.8776319,0.9597566,0.01231939997524023,0.01500600017607212,-0.9053429961204529,24.706899642944336,-0.055590998381376266,38.0,1.0635000467300415,0.00010263500007567927,1.7707600363792153e-06,1.60139000415802,1.2722200155258179,74.88510131835938,-0.19645899534225464,0.998753011226654,0.998753011226654,1.1847699880599976,-0.3652839958667755,0.20799799263477325,0.004746939986944199,0.2239760011434555,0.9023910164833069,0.7855460047721863,-0.005918390117585659,0.0061008199118077755,-0.0032807800453156233,-0.0011534399818629026,9.924919868353754e-05,1.1510700232975069e-06,0.8930360078811646,3.0653998851776123,9.17052966542542e-05,2.233909981441684e-06,2.2559800148010254,1.5346400687121786e-05,2.3821498871257063e-06,102760453,128,124815424,3,2.052735174778989e-07
109152958776282151,3238752740002906,91050202740002905,75917841941953,2905,2,0,8298574,0.0473467335545893,17676,55011.5022518,4156.10986328125,2667.31005859375,0.09182299673557281,0.0997667983174324,-0.25545400381088257,35.813899993896484,295.87763177,0.95976363,0.023456500843167305,0.025485800579190254,-0.7777990102767944,24.67140007019043,-0.09067600220441818,38.0,1.0688899755477905,0.00010529699648031965,2.2586600607610308e-06,1.9886800050735474,1.8172600269317627,71.30909729003906,0.1156340017914772,0.999055027961731,0.999055027961731,1.1880799531936646,-0.43668699264526367,0.40494900941848755,0.006201659794896841,0.44339099526405334,1.3004599809646606,0.8895300030708313,-0.02394079975783825,-0.007789849769324064,0.0018078699940815568,-0.006146919913589954,9.477059938944876e-05,1.1279799991825712e-06,0.9303690195083618,4.598169803619385,9.373010107083246e-05,3.2046700653154403e-06,3.251149892807007,1.5694700778112747e-05,2.5899300908349687e-06,102760453,128,124782656,3,2.052735174778989e-07
109152958776282151,3238937200002055,91139238200002054,75917841941953,2054,1,0,8327120,0.860202940982024,17676,55012.3927403,3890.60009765625,1554.3699951171875,0.05136130005121231,0.04525649920105934,-0.25551798939704895,-18.3262996673584,295.87761223,0.95976994,0.013123700395226479,0.011563800275325775,0.12730400264263153,24.473499298095703,-0.08125399798154831,60.0,1.2554800510406494,7.978030043886974e-05,1.4759799569219467e-06,1.312540054321289,1.1824300289154053,0.21412500739097595,-0.39597800374031067,0.9996970295906067,0.9996970295906067,1.1605499982833862,0.8986989855766296,0.18201999366283417,-0.003010289976373315,0.1547439992427826,0.8664669990539551,0.724668025970459,-0.031243400648236275,0.006738659925758839,0.0025555600877851248,-0.0020606599282473326,7.77195964474231e-05,9.008520009956555e-07,0.8839020133018494,2.810699939727783,7.197289960458875e-05,2.140529886673903e-06,2.1661698818206787,2.3878699721535668e-05,2.2197700673132204e-06,102760517,128,124815424,3,2.052735174778989e-07
109152958776282151,3239001200001802,91140226200001801,75917841941953,1801,1,0,8328120,0.250696862349936,17676,55012.4026205,3893.260009765625,1550.8900146484375,0.05574540048837662,0.048555001616477966,-0.255515992641449,-18.32659912109375,295.87761563,0.95976363,0.01424389984458685,0.012406599707901478,0.07507099956274033,24.48349952697754,-0.07782299816608429,60.0,1.2105400562286377,8.375850302400067e-05,1.533559952804353e-06,1.4562000036239624,1.2399699687957764,-14.336199760437012,-0.34678900241851807,0.9991689920425415,0.9889870285987854,1.274999976158142,0.9401580095291138,0.20993399620056152,-0.013916700147092342,0.18686799705028534,0.8970140218734741,0.7715129852294922,-0.03040049970149994,-0.01452459953725338,-0.0020309200044721365,-0.005169230047613382,8.033549966057763e-05,9.108860012929654e-07,0.8974570035934448,3.066190004348755,7.429660035995767e-05,2.152600018234807e-06,2.242539882659912,2.1932599338470027e-05,2.190209897889872e-06,102760453,128,124815424,3,2.052735174778989e-07
109152958776282151,3242202420003080,122560528420003079,75917841941953,3079,4,0,16521242,0.246595246946994,17676,55326.6054689,737.3699951171875,898.3829956054688,0.05181660130620003,0.05658860132098198,-0.2567780017852783,74.63970184326172,295.87762859,0.95976163,0.01330539956688881,0.014530699700117111,-1.0774400234222412,24.255300521850586,-0.022880999371409416,30.0,1.0681899785995483,0.00019987000268884003,4.192850155959604e-06,1.1621099710464478,1.0634900331497192,-84.06759643554688,0.34060001373291016,0.9971539974212646,0.9590579867362976,1.1560800075531006,-0.28128600120544434,0.145005002617836,-0.004746220074594021,0.16516299545764923,0.8079910278320312,0.7357929944992065,-0.0037350100465118885,0.017081599682569504,0.0013271099887788296,-0.0023420299403369427,0.00018237500626128167,2.1913499494985444e-06,0.8689860105514526,2.567780017852783,0.00017066000145860016,5.4765901040809695e-06,2.019979953765869,8.299329783767462e-05,6.089690032240469e-06,102760453,128,124815424,3,2.052735174778989e-07
109152958776282151,3242272420003723,122561788420003722,75917841941953,3722,4,0,16523442,0.482481861005055,17676,55326.6180591,752.43798828125,915.0850219726562,0.057064399123191833,0.06172800064086914,-0.25677698850631714,74.63909912109375,295.87762448,0.95975699,0.014652799814939499,0.01585029996931553,-1.766409993171692,24.255599975585938,-0.02280000038444996,30.0,1.0628000497817993,0.00020241799938958138,4.506799996306654e-06,1.1058100461959839,1.023319959640503,-88.60880279541016,0.7445150017738342,0.9979519844055176,0.9979519844055176,1.1917500495910645,-0.07732679694890976,0.15535399317741394,0.004348330199718475,0.16531500220298767,0.8459039926528931,0.7803040146827698,0.01294539961963892,0.004536820109933615,0.007216900121420622,-0.0019448100356385112,0.00019031700503546745,2.235080046375515e-06,0.8839020133018494,2.824549913406372,0.0001651130005484447,6.0097499954281375e-06,2.114759922027588,9.386809688294306e-05,6.339299943647347e-06,102760453,128,124815424,3,2.052735174778989e-07
109152958776282151,3242941640002384,136524682640002383,75917841941953,2383,4,0,23157364,0.164252334427324,17676,55466.2470115,2775.830078125,4154.990234375,0.030780499801039696,0.029811400920152664,-0.2562499940395355,74.29570007324219,295.87762291,0.95975941,0.007887490093708038,0.007639159914106131,0.7242130041122437,24.27989959716797,0.002607000060379505,30.0,1.0636099576950073,0.0002679069875739515,3.7860299926251173e-06,1.0034699440002441,0.9613900184631348,-27.72879981994629,0.1757110059261322,0.9975320100784302,0.9891530275344849,1.1404800415039062,0.4689350128173828,0.12138599902391434,-0.0032414200250059366,0.11314299702644348,0.8702509999275208,0.728492021560669,0.007874219678342342,-0.004310079850256443,-0.009117299690842628,-0.00034931799746118486,0.0002759349881671369,2.6563400297163753e-06,0.8606160283088684,2.3062500953674316,0.0002545260067563504,5.30793977304711e-06,2.1756300926208496,5.629270162899047e-05,5.32316016688128e-06,102760453,128,7374912,3,2.052735174778989e-07
109152958776282151,3243003550002576,136525872550002575,75917841941953,2575,4,0,23159555,0.735449045650148,17676,55466.2589062,3892.22998046875,4813.43994140625,0.037236299365758896,0.035275500267744064,-0.25626298785209656,44.33060073852539,295.87762624,0.95975977,0.00954230036586523,0.009039820171892643,-0.48775601387023926,24.2987003326416,0.005735000129789114,30.0,1.0702699422836304,0.0002712199930101633,3.971339992858702e-06,1.174430012702942,1.0791599750518799,-27.169300079345703,0.13067899644374847,0.9969480037689209,0.9969480037689209,1.1273800134658813,-0.6257219910621643,0.15442700684070587,-0.0056067598052322865,0.14502300322055817,0.891061007976532,0.7609959840774536,0.0013173599727451801,0.009809940122067928,0.005302750039845705,0.0008032969781197608,0.00027290600701235235,2.614229970276938e-06,0.8658030033111572,2.5626299381256104,0.00024461199063807726,5.311429958965164e-06,2.2276499271392822,5.7944100262830034e-05,5.1494998842827044e-06,102760453,128,7374912,3,2.052735174778989e-07
109152958776282151,3243051530001854,245724528530001853,75917841941953,1853,4,0,65840453,0.979366959984756,17676,56558.245637,903.4329833984375,1441.780029296875,0.014178800396621227,0.015711700543761253,-0.25701001286506653,58.46689987182617,295.87762398,0.95976215,0.003644089912995696,0.004038060083985329,-1.015179991722107,24.260700225830078,-0.011473000049591064,60.0,1.0628900527954102,0.0002755149907898158,2.4266000764328055e-06,0.8261799812316895,0.729882001876831,-65.26689910888672,0.2522349953651428,0.9985830187797546,0.8563929796218872,1.281000018119812,-0.31001800298690796,0.07785409688949585,-0.0034311399795114994,0.08718699961900711,0.7871500253677368,0.6566489934921265,-0.0066771600395441055,0.0022775400429964066,0.008268509991466999,0.002685819985345006,0.00026559201069176197,1.8572600311017595e-06,0.8504840135574341,2.0560801029205322,0.00024524700711481273,3.2281200219586026e-06,1.9678800106048584,5.1937699026893824e-05,3.6290100524638547e-06,102760517,128,24152128,3,2.052735174778989e-07
109152958776282151,3243069460003295,133340901460003294,75917841941953,3294,5,0,21365746,0.570363780083474,17676,55434.40919,3298.22998046875,2596.60009765625,0.08479420095682144,0.08319160342216492,-0.25634101033210754,17.49519920349121,295.87763418,0.95977158,0.021736200898885727,0.021325400099158287,-0.21229299902915955,23.331100463867188,0.012622999958693981,30.0,1.2214200496673584,0.0002849650045391172,9.78858042799402e-06,1.0875400304794312,0.9868789911270142,-35.61750030517578,0.25424399971961975,0.9982420206069946,0.9982420206069946,1.1210500001907349,-0.8318780064582825,0.12399200350046158,0.0054993401281535625,0.13306599855422974,0.8185290098190308,0.6826199889183044,0.017800400033593178,0.007035939954221249,0.0037345399614423513,-0.0002065940061584115,0.00028105700039304793,4.179149982519448e-06,0.8684750199317932,2.3070600032806396,0.00025587499840185046,1.54231001943117e-05,2.0463199615478516,0.0003068810037802905,1.6893200154299848e-05,102760453,128,7342144,3,2.052735174778989e-07
109152958776282151,3243126460002655,133342218460002654,75917841941953,2654,5,0,21367846,0.842681995446498,17676,55434.4223672,3298.75,2597.449951171875,0.07805190235376358,0.07941760122776031,-0.25633901357650757,17.494300842285156,295.87762319,0.95975952,0.020007800310850143,0.020357899367809296,-0.45052099227905273,23.31999969482422,0.0061690001748502254,30.0,1.2860599756240845,0.0002783109957817942,8.722329766897019e-06,1.0809099674224854,1.0520600080490112,66.89420318603516,0.292481005191803,0.9977859854698181,0.9977859854698181,1.0587799549102783,-0.652334988117218,0.14439700543880463,0.0063697900623083115,0.1296360045671463,0.8524379730224609,0.7748979926109314,0.027231700718402863,0.0022605599369853735,0.007113480009138584,-0.00039508301415480673,0.00028242598637007177,4.180460109637352e-06,0.8689860105514526,2.563390016555786,0.0002501900016795844,1.3509199561667629e-05,2.131089925765991,0.0001969760050997138,1.406740011589136e-05,102760453,128,7374912,3,2.052735174778989e-07
109152958776282151,3243156420002488,245722460420002487,75917841941953,2487,5,0,65838142,0.024624301143572,17676,56558.2250747,3295.89990234375,4097.3798828125,0.029713099822402,0.03240190073847771,-0.25701698660850525,88.55729675292969,295.87762955,0.95975857,0.0076367901638150215,0.008327850140631199,-0.13030299544334412,23.306800842285156,-0.012280000373721123,80.0,1.0757900476455688,0.00026192000950686634,4.405870186019456e-06,0.8603469729423523,0.7578309774398804,-70.31500244140625,0.28459298610687256,0.9980199933052063,0.9980199933052063,1.120129942893982,-0.8963260054588318,0.08350340276956558,-0.0023785100784152746,0.08925250172615051,0.7859910130500793,0.639706015586853,-0.002242390066385269,0.011209200136363506,0.003085250034928322,-0.0008580820285715163,0.0002600089937914163,2.4792200292722555e-06,0.8405370116233826,2.0561399459838867,0.00024017400573939085,7.3681499088706914e-06,1.9649800062179565,0.0001835389994084835,8.730569788895082e-06,102760453,128,7374912,3,2.052735174778989e-07
109152958776282151,3243181460002301,136330039460002300,75917841941953,2300,5,0,23029746,0.145360319079235,17676,55464.3005736,2614.780029296875,2762.3798828125,0.10789100080728531,0.10550399869680405,-0.25632399320602417,14.443300247192383,295.87762728,0.9597704,0.0276551004499197,0.02704319916665554,-5.138110160827637,23.311399459838867,-0.012738999910652637,30.0,1.1302800178527832,0.00025982700753957033,9.238199709216133e-06,1.2174099683761597,1.1342600584030151,-35.36280059814453,0.6652219891548157,0.999442994594574,0.999442994594574,1.12785005569458,-2.7750800768444606e-07,0.16301000118255615,-0.00501273013651371,0.15320000052452087,0.8969849944114685,0.6268529891967773,-0.01354570034891367,0.013670300133526325,0.0011865099659189582,0.00019379799778107554,0.00017441800446249545,3.294969928901992e-06,0.8974570035934448,3.075890064239502,0.00018329400336369872,1.2731000424537342e-05,2.242460012435913,0.0001575659989612177,1.2986100045964122e-05,102760453,128,40896576,3,2.052735174778989e-07
109152958776282151,3243210460002954,136331222460002953,75917841941953,2953,5,0,23031946,0.18349609541101,17676,55464.3124049,2611.18994140625,2758.889892578125,0.0938941016793251,0.0938941016793251,-0.25631898641586304,14.442099571228027,295.87761917,0.95975604,0.024066900834441185,0.024066900834441185,-3.1063199043273926,23.315500259399414,-0.006699000019580126,30.0,1.164870023727417,0.00022216599609237164,9.804220098885708e-06,1.399590015411377,1.2917300462722778,20.028099060058594,0.42483198642730713,0.9983230233192444,0.9983230233192444,1.1762200593948364,-0.0018942799651995301,0.21849800646305084,0.016586199402809143,0.18673400580883026,0.9743419885635376,0.7632420063018799,-0.0054961200803518295,0.03210509940981865,-0.00586098013445735,0.005631620064377785,0.00017023000691551715,3.2323300729331095e-06,0.9116089940071106,3.3321499824523926,0.00016497800243087113,1.4032199942448642e-05,2.435849905014038,0.00016469499678350985,1.338580023002578e-05,35651585,128,40896576,3,2.052735174778989e-07
109152958776282151,3243218530001272,241736645530001271,75917841941953,1271,2,0,64260653,0.754239560807347,17676,56518.3666961,936.7869873046875,1450.1800537109375,0.015327700413763523,0.01828170008957386,-0.2570370137691498,58.464500427246094,295.87762959,0.95976619,0.0039397901855409145,0.004699070006608963,1.003999948501587,24.699499130249023,-0.0722460001707077,40.0,1.0636800527572632,0.0002737180038820952,2.1862199446331942e-06,1.1746200323104858,0.9584770202636719,73.22380065917969,-0.25937700271606445,0.9982010126113892,0.9982010126113892,1.2281800508499146,0.31537801027297974,0.12190300226211548,0.009904960170388222,0.14650200307369232,0.895596981048584,0.7665339708328247,0.009964009746909142,0.006193750072270632,-0.0014581199502572417,-0.0009053579997271299,0.0002810040023177862,1.894400043056521e-06,0.8849009871482849,2.5703699588775635,0.0002600399893708527,2.6067200451507233e-06,2.238990068435669,1.8498500139685348e-05,2.17849992623087e-06,102760517,128,7342144,3,2.052735174778989e-07
109152958776282151,3243291530001227,241737631530001226,75917841941953,1226,2,0,64261753,0.833490114503997,17676,56518.3765531,939.1729736328125,1445.68994140625,0.019985299557447433,0.022761300206184387,-0.25703901052474976,58.46379852294922,295.87762793,0.95975886,0.005136989988386631,0.005850530229508877,-0.04297120124101639,24.70789909362793,-0.06340999901294708,40.0,1.0688799619674683,0.000281173997791484,2.326640014871373e-06,1.3482099771499634,1.1376800537109375,67.94329833984375,-0.03433709964156151,0.9993839859962463,0.9993839859962463,1.1895099878311157,-0.965723991394043,0.17243100702762604,0.012022700160741806,0.19827599823474884,1.0086699724197388,0.821524977684021,0.002275190083310008,0.0018722600070759654,-0.0005944439908489585,-0.0026595001108944416,0.00028004200430586934,1.8809599851010717e-06,0.8952469825744629,3.08447003364563,0.0002583290042821318,2.7593300728767645e-06,2.52167010307312,1.7456299246987328e-05,2.0652400962717365e-06,102760517,128,7342144,3,2.052735174778989e-07
109152958776282151,3243343550001978,131241501550001977,75917841941953,1977,2,0,20312655,0.580143847111746,17676,55413.4152436,3882.510009765625,4820.2099609375,0.020135199651122093,0.018958600237965584,-0.2562530040740967,44.32849884033203,295.87762659,0.95975486,0.005159690044820309,0.0048581999726593494,-0.15114200115203857,24.72949981689453,-0.0585159994661808,40.0,1.082669973373413,0.0001949720026459545,1.8485400232748361e-06,1.0467900037765503,0.9707790017127991,-24.206199645996094,-0.0735991969704628,0.9982770085334778,0.9982770085334778,1.1358200311660767,-0.879863977432251,0.12435799837112427,-0.003615319961681962,0.11706499755382538,0.8928890228271484,0.7244960069656372,-0.001591320033185184,0.006608670111745596,0.005185849964618683,-0.0014880100497975945,0.0001945060066645965,1.5668399555579526e-06,0.8527560234069824,2.306269884109497,0.00017987100000027567,2.190490022258018e-06,2.232219934463501,1.1282400009804405e-05,1.746470047692128e-06,102760517,128,124815424,3,2.052735174778989e-07
109152958776282151,3243350420001751,241730097420001750,75917841941953,1750,3,0,64250542,0.253383820181139,17676,56518.3012427,3333.610107421875,4106.2998046875,0.01493810024112463,0.015170799568295479,-0.25697198510169983,88.55879974365234,295.87762751,0.95975611,0.0038386699743568897,0.003898479975759983,0.5038459897041321,24.583599090576172,-0.035801999270915985,45.0,1.1368800401687622,0.0002887900045607239,2.270099912493606e-06,0.9492490291595459,0.9005939960479736,53.62459945678711,0.03051150031387806,0.9985650181770325,0.964372992515564,1.2904900312423706,0.6143699884414673,0.10291299968957901,0.0013339200522750616,0.10535100102424622,0.95489102602005,0.7315689921379089,-0.0029015999753028154,0.0004592729965224862,0.0025673399213701487,0.0027920000720769167,0.00029231898952275515,1.9515100575517863e-06,0.8405370116233826,2.055769920349121,0.0002791119914036244,3.056110017496394e-06,2.3872299194335938,2.9493900001398288e-05,2.568400077507249e-06,102760517,128,7342144,3,2.052735174778989e-07
109152958776282151,3243423550002035,131242567550002034,75917841941953,2034,2,0,20314355,0.723415668796204,17676,55413.4259077,3883.64990234375,4821.47998046875,0.025102000683546066,0.023705000057816505,-0.25627100467681885,44.32640075683594,295.87761949,0.95975917,0.006432909984141588,0.006074899807572365,-0.29097598791122437,24.733699798583984,-0.05283600091934204,40.0,1.0995399951934814,0.00019294899539090693,1.9167100617778488e-06,1.2234599590301514,1.1501400470733643,-17.95479965209961,-0.04258060082793236,0.9996500015258789,0.9996500015258789,1.1313600540161133,-0.7710700035095215,0.17403100430965424,-0.005099770147353411,0.15895700454711914,0.9777479767799377,0.779977023601532,-0.0009725510026328266,-0.0018352100159972906,0.004856579937040806,-0.003063749987632036,0.0001913599990075454,1.5401600421682815e-06,0.8786410093307495,2.8189799785614014,0.0001762449974194169,2.3221100491355173e-06,2.4443700313568115,1.1721599548764061e-05,1.7353700059175026e-06,102760517,128,124815424,3,2.052735174778989e-07
109152958776282151,3243451420001859,241731194420001858,75917841941953,1858,3,0,64252142,0.197385516201505,17676,56518.3122156,3335.0400390625,4109.419921875,0.01639219932258129,0.016875799745321274,-0.25697100162506104,88.55809783935547,295.8776233,0.9597595,0.004212310072034597,0.004336569923907518,0.11587599664926529,24.550800323486328,-0.06976799666881561,45.0,1.1104099750518799,0.00028433799161575735,2.3277300442714477e-06,1.0040099620819092,0.9422060251235962,56.86669921875,0.03992979973554611,0.9974809885025024,0.9205859899520874,1.2694400548934937,0.9077510237693787,0.11447300016880035,0.005015329923480749,0.11685200035572052,0.9136769771575928,0.7377089858055115,-0.0032964700367301702,0.004470469895750284,0.0019629900343716145,0.0009172079735435545,0.0002870459866244346,1.9497999801387778e-06,0.8606160283088684,2.3127400875091553,0.0002675639989320189,3.0324999897857197e-06,2.2841899394989014,3.127200034214184e-05,2.669320110726403e-06,102760517,128,7342144,3,2.052735174778989e-07
109152958776282151,3243508630002649,129633839630002648,75917841941953,2648,3,0,19374463,0.173220259298776,17676,55397.3386614,3056.1298828125,1600.739990234375,0.04451959952712059,0.04046089947223663,-0.25621598958969116,107.32599639892578,295.87763115,0.95975273,0.011406599543988705,0.010366699658334255,-0.1906139999628067,24.59600067138672,-0.02593499980866909,45.0,1.2557100057601929,0.00019837700529024005,2.5221700070687803e-06,1.5853099822998047,1.4290599822998047,11.242799758911133,0.08385489881038666,0.9836559891700745,0.9559749960899353,1.2628599405288696,-0.8488280177116394,0.2666510045528412,0.0007832359988242388,0.2625499963760376,1.0053800344467163,0.8724089860916138,0.014924700371921062,0.017583200708031654,0.0008161370060406625,-0.0007246899767778814,0.00019601300300564617,1.5691599628553377e-06,0.7910659909248352,3.330810070037842,0.00017849200230557472,3.18631009577075e-06,2.5134499073028564,3.5955301427748054e-05,2.843469928848208e-06,102760453,128,124815424,3,2.052735174778989e-07
109152958776282151,3243593630003054,129634971630003053,75917841941953,3053,3,0,19376063,0.230908726557073,17676,55397.3499796,3051.909912109375,1601.219970703125,0.042543500661849976,0.037596698850393295,-0.2562040090560913,107.32599639892578,295.87763319,0.9597432,0.01089979987591505,0.009632440283894539,-2.874969959259033,24.59779930114746,-0.02639400027692318,45.0,1.2048499584197998,0.00019947100372519344,2.501780045349733e-06,1.4838500022888184,1.360159993171692,11.078800201416016,0.141292005777359,0.916733980178833,0.9038019776344299,1.243499994277954,-0.004040690138936043,0.22332899272441864,0.005881589837372303,0.22871999442577362,0.9718220233917236,0.7991909980773926,0.03433329984545708,0.010556699708104134,0.0015834099613130093,0.0006756269722245634,0.0001768850052030757,1.4860800092719728e-06,0.6272019743919373,3.3306500911712646,0.00016768899513408542,2.7922999379370594e-06,2.4295499324798584,3.519769961712882e-05,2.819499968609307e-06,102760453,128,124815424,3,2.052735174778989e-07
109152958776282151,3243682640002309,130639774640002308,75917841941953,2308,3,0,19969664,0.279031696057908,17676,55407.3980128,2759.56005859375,4121.33984375,0.01552130002528429,0.015471099875867367,-0.2561990022659302,74.29329681396484,295.8776236,0.95976549,0.0039765299297869205,0.003963700029999018,-0.8976020216941833,24.616199493408203,-0.026187999173998833,45.0,1.0626499652862549,0.00021200699848122895,2.0071099697815953e-06,0.7894650101661682,0.7697420120239258,-33.26020050048828,0.03652530163526535,0.9990630149841309,0.9990630149841309,1.1142200231552124,-0.36939799785614014,0.07401370257139206,0.0001555299968458712,0.07545089721679688,0.7354329824447632,0.6415960192680359,0.0002822290116455406,-0.0029207600746303797,0.009274429641664028,0.0006614889716729522,0.00020854199829045683,1.618500050426519e-06,0.8055189847946167,1.7933900356292725,0.00019474700093269348,2.715539949349477e-06,1.8385800123214722,4.573330079438165e-05,3.0185599371179705e-06,102760453,128,124815424,3,2.052735174778989e-07
109152958776282151,3243758460001552,129349421460001551,75917841941953,1551,1,0,19235346,0.248024900674843,17676,55394.4944637,3308.72998046875,2570.330078125,0.060259100049734116,0.059066999703645706,-0.2563050091266632,17.490800857543945,295.87763167,0.95976786,0.015444699674844742,0.015139199793338776,-0.5514450073242188,24.462099075317383,-0.10213399678468704,43.0,1.1374200582504272,0.0001703040034044534,2.272500069011585e-06,2.088550090789795,2.0321600437164307,-39.806800842285156,-0.08120600134134293,0.9995120167732239,0.9995120167732239,1.2626700401306152,-0.5813289880752563,0.4948970079421997,-0.007623199839144945,0.45762899518013,1.3290499448776245,0.9724559783935547,0.014695899561047554,0.023417800664901733,0.003513320116326213,0.0007885799859650433,0.00016029899416025728,1.5186100199571229e-06,0.9303690195083618,4.613490104675293,0.0001557869982207194,2.779280066533829e-06,3.322629928588867,6.586929885088466e-06,1.7370299474350759e-06,102760517,128,124782656,3,2.052735174778989e-07
109152958776282151,3243798550001419,131340143550001418,75917841941953,1418,1,0,20363455,0.850015621492654,17676,55414.4016892,3871.800048828125,4814.77001953125,0.029232800006866455,0.02656709961593151,-0.2562989890575409,44.33039855957031,295.87763415,0.95976535,0.007492329925298691,0.0068091098219156265,0.614732027053833,24.489700317382812,-0.09184899926185608,43.0,1.0708800554275513,0.000169450999237597,1.9156500457029324e-06,1.2560499906539917,1.1386499404907227,-18.787799835205078,-0.06335949897766113,0.9980279803276062,0.9980279803276062,1.1105300188064575,0.5387319922447205,0.17747199535369873,-0.007545180153101683,0.15915800631046295,0.9871240258216858,0.8036869764328003,0.000854506972245872,8.45636022859253e-05,-0.001030460000038147,0.0012513300171121955,0.00017377399490214884,1.5914799860183848e-06,0.8849009871482849,2.5629899501800537,0.00016195399803109467,2.2862700461701024e-06,2.4678099155426025,6.214640052348841e-06,1.6613499838058488e-06,102760517,128,124815424,3,2.052735174778989e-07
109152958776282151,3243867550001624,131341282550001623,75917841941953,1623,1,0,20365155,0.0381609509123126,17676,55414.4130844,3879.719970703125,4818.330078125,0.030406899750232697,0.027956699952483177,-0.256303995847702,44.32849884033203,295.87763316,0.95976034,0.007793419994413853,0.007165419869124889,0.02473130077123642,24.48870086669922,-0.09104999899864197,43.0,1.083400011062622,0.00017752200074028224,1.9733199678739766e-06,1.3709299564361572,1.2173000574111938,-27.242900848388672,-0.17624600231647491,0.9988049864768982,0.9988049864768982,1.08378005027771,0.9802690148353577,0.20043900609016418,-0.009020020253956318,0.17933599650859833,0.9957190155982971,0.8266119956970215,0.0031124399974942207,0.0022735800594091415,0.001707370043732226,-0.0008359419880434871,0.0001778370060492307,1.6053500075940974e-06,0.8865320086479187,2.819350004196167,0.00016490700363647193,2.3112500002753222e-06,2.489300012588501,6.620779913646402e-06,1.6728499758755788e-06,102760517,128,124815424,3,2.052735174778989e-07
109152958776282151,3244346340002861,231560491340002860,75917841941953,2860,4,0,60900434,0.748498223487752,17676,56416.6052714,166.08399963378906,2722.27001953125,0.0334337018430233,0.03395159915089607,-0.25727400183677673,-103.6500015258789,295.87761889,0.95975948,0.008601600304245949,0.008734860457479954,-0.9483010172843933,24.258499145507812,-0.01709200069308281,60.0,1.0849800109863281,0.00025574499159120023,3.0519299798470456e-06,1.2833900451660156,1.2427699565887451,-54.172000885009766,0.15535999834537506,0.9976239800453186,0.9976239800453186,1.2815799713134766,-0.34297600388526917,0.17423899471759796,-0.004910190124064684,0.18473100662231445,0.9568210244178772,0.8133630156517029,0.006238529924303293,-0.004126009996980429,-0.0004951130249537528,0.003028769977390766,0.00025114198797382414,1.8029600141744595e-06,0.8891630172729492,2.830009937286377,0.0002230749960290268,4.225650172884343e-06,2.39205002784729,7.306489715119824e-05,4.043829903821461e-06,102760453,128,7374912,3,2.052735174778989e-07
109152958776282151,3244437440003037,230661366440003036,75917841941953,3036,5,0,60541544,0.774861414707137,17676,56407.6138497,887.7239990234375,1915.3599853515625,0.0951974019408226,0.0951974019408226,-0.25731098651885986,106.41300201416016,295.87762633,0.95975542,0.024495400488376617,0.024495400488376617,0.7383750081062317,23.213699340820312,-0.10112400352954865,30.0,1.113319993019104,0.00024223400396294892,1.0838200068974402e-05,1.1807199716567993,1.1644999980926514,43.695899963378906,0.39893200993537903,0.998956024646759,0.998956024646759,1.0338399410247803,0.4602859914302826,0.1730629950761795,-0.007025660015642643,0.17569400370121002,0.8312039971351624,0.7003539800643921,0.0012875800020992756,0.011648699641227722,-0.0018858900293707848,0.005413719918578863,0.0002634979900904,4.2413298615429085e-06,0.8865320086479187,2.830430030822754,0.00021628399554174393,1.548850013932679e-05,2.078010082244873,0.00025361101143062115,1.6202200640691444e-05,35651585,128,7374912,3,2.052735174778989e-07
109152958776282151,3244487440003155,230662586440003154,75917841941953,3154,5,0,60543644,0.703130018620873,17676,56407.6260514,892.64599609375,1919.3199462890625,0.08522520214319229,0.08522520214319229,-0.2573150098323822,106.41100311279297,295.87762259,0.95975576,0.021929699927568436,0.021929699927568436,0.17495399713516235,23.208999633789062,-0.10750699788331985,30.0,1.0903899669647217,0.0002407179999863729,9.642179975344334e-06,1.1123299598693848,1.0158599615097046,76.95610046386719,0.2871299982070923,0.9981340169906616,0.9981340169906616,1.1085799932479858,0.8611159920692444,0.13026200234889984,-0.0015667000552639365,0.1461610049009323,0.7714200019836426,0.6470580101013184,-0.018111800774931908,0.005581500008702278,0.006565379910171032,0.005126920063048601,0.00022761699801776558,3.977630058216164e-06,0.8606160283088684,2.315840005874634,0.00020943400159012526,1.4002400348545052e-05,1.9285500049591064,0.00023189600324258208,1.6303800293826498e-05,35651585,128,7374912,3,2.052735174778989e-07
109152958776282151,3244538340001873,240038800340001872,75917841941953,1872,2,0,63778134,0.881833015831032,17676,56501.3882475,159.6060028076172,2742.800048828125,0.020836500450968742,0.017582500353455544,-0.2573019862174988,-103.6510009765625,295.87762609,0.95976091,0.005361270159482956,0.004523999989032745,-0.8079389929771423,24.70709991455078,-0.06643600016832352,40.0,1.0687899589538574,0.0002705510123632848,2.220599981228588e-06,1.3074599504470825,1.1274100542068481,2.3922500610351562,-0.45138901472091675,0.9988999962806702,0.9988999962806702,1.2962000370025635,-0.4191260039806366,0.14819200336933136,-0.002653389936313033,0.12224200367927551,0.9314900040626526,0.7791150212287903,-0.00041806200169958174,-0.012546500191092491,0.0025429800152778625,-0.0022309799678623676,0.00027105098706670105,1.8565599475550698e-06,0.8684750199317932,2.3157200813293457,0.00025678600650280714,2.728929985096329e-06,2.3287200927734375,2.0077399312867783e-05,2.252970034533064e-06,102760453,128,7374912,3,2.052735174778989e-07
109152958776282151,3244614340002020,240037814340002019,75917841941953,2019,2,0,63776734,0.335180391869676,17676,56501.3783902,162.4969940185547,2742.659912109375,0.020538099110126495,0.016718799248337746,-0.2572909891605377,-103.6500015258789,295.8776238,0.95976351,0.00528426980599761,0.004301589913666248,-0.7010819911956787,24.70319938659668,-0.06770200282335281,40.0,1.0781300067901611,0.0002727840037550777,2.1977300548314815e-06,1.3383500576019287,1.1243000030517578,2.5946199893951416,-0.5365059971809387,0.9990519881248474,0.9990519881248474,1.3407299518585205,-0.48325198888778687,0.14672699570655823,-0.0017289400566369295,0.11459700018167496,0.8564659953117371,0.7653369903564453,0.005854079965502024,-0.013340500183403492,0.005355650093406439,0.0004590039898175746,0.000274001999059692,1.8830199906005873e-06,0.8455110192298889,2.0583300590515137,0.00025775699759833515,2.5205799829564057e-06,2.141170024871826,1.739919935062062e-05,2.1622599888360128e-06,102760453,128,7374912,3,2.052735174778989e-07
109152958776282151,3244683440002458,241828947440002457,75917841941953,2457,3,0,64302344,0.543634030542927,17676,56519.2897416,914.6829833984375,1920.6500244140625,0.0200009997934103,0.015614000149071217,-0.2572459876537323,106.41400146484375,295.87762487,0.95976247,0.005145169794559479,0.004016629885882139,-1.5009000301361084,24.604299545288086,-0.03850800171494484,45.0,1.1629899740219116,0.0002785729884635657,2.30763998843031e-06,1.2410900592803955,0.8741859793663025,-22.077899932861328,-0.3231939971446991,0.9990860223770142,0.9958429932594299,1.2279200553894043,-0.13338099420070648,0.11466600000858307,-0.014922799542546272,0.08640609681606293,0.7915689945220947,0.7115539908409119,-0.005013999994844198,-0.0001102559981518425,0.005952499806880951,-0.0011614400427788496,0.0002707430103328079,1.8409499489280279e-06,0.8405370116233826,2.0579700469970703,0.00025231498875655234,2.897869990192703e-06,1.9789199829101562,4.217380046611652e-05,2.8285201096878154e-06,102760453,128,7374912,3,2.052735174778989e-07
109152958776282151,3244785440002322,241830054440002321,75917841941953,2321,3,0,64303844,0.957987385762844,17676,56519.3008056,914.2260131835938,1923.9000244140625,0.018958700820803642,0.014371500350534916,-0.25723299384117126,106.41300201416016,295.87762575,0.95976405,0.004876819904893637,0.0036968400236219168,-0.7770429849624634,24.607099533081055,-0.037206001579761505,45.0,1.130769968032837,0.0002909729955717921,2.274610096719698e-06,1.2672499418258667,0.8845319747924805,-22.01889991760254,-0.3902199864387512,0.9971969723701477,0.9898769855499268,1.327239990234375,-0.4371339976787567,0.1146479994058609,-0.016307400539517403,0.08695779740810394,0.790893018245697,0.7187269926071167,-0.011388099752366543,-0.0009303920087404549,0.0006544130155816674,-0.0028283100109547377,0.0002899449900723994,1.912949983307044e-06,0.8379999995231628,1.80062997341156,0.00027225198573432863,2.8417100566002773e-06,1.9772299528121948,3.7275200156727806e-05,-999.0,102760453,128,7374912,3,2.052735174778989e-07
109152958776282151,3244807640002339,130638414640002338,75917841941953,2338,3,0,19967964,0.0045202979860085,17676,55407.3844072,2755.139892578125,4113.4501953125,0.022001400589942932,0.020557699725031853,-0.2562119960784912,74.29409790039062,295.87762352,0.95976373,0.005637019872665405,0.005267130210995674,-0.018960200250148773,24.622900009155273,-0.01976899988949299,45.0,1.068179965019226,0.0002159489959012717,2.209859985669027e-06,1.0211600065231323,0.9417939782142639,-2.8258299827575684,-0.016095399856567383,0.9982179999351501,0.9982179999351501,1.0800600051879883,-0.9848729968070984,0.11471399664878845,0.0005571019719354808,0.10750699788331985,0.7930909991264343,0.7041670083999634,-0.00300902989692986,0.0015316000208258629,0.0020403400994837284,-0.0002789249992929399,0.00021107299835421145,1.61384002694831e-06,0.8645449876785278,2.3059000968933105,0.0001952680031536147,2.957679953397019e-06,1.9827300310134888,4.9547601520316675e-05,3.1175700314634014e-06,102760453,128,124815424,3,2.052735174778989e-07
109152958776282151,3244880440001043,240035690440001042,75917841941953,1042,1,0,63773544,0.289213877440629,17676,56501.3571606,900.2329711914062,1921.6700439453125,0.024330800399184227,0.022268300876021385,-0.25730100274086,106.41100311279297,295.87761888,0.95976801,0.006260349880903959,0.00572967017069459,0.008283499628305435,24.4601993560791,-0.09718099981546402,43.0,1.1135400533676147,0.00025303199072368443,2.1851699329999974e-06,1.5283299684524536,1.0739400386810303,-37.366600036621094,-0.2668209969997406,0.9971719980239868,0.9971719980239868,1.2958999872207642,0.9933909773826599,0.17250199615955353,-0.03212530165910721,0.16080500185489655,1.0213600397109985,0.7950789928436279,0.01617470011115074,0.023777000606060028,0.0003334259963594377,-0.001890529994852841,0.000257298001088202,1.956449978024466e-06,0.8785349726676941,2.573009967803955,0.00024275699979625642,2.530739948269911e-06,2.5533900260925293,7.1575700530956965e-06,1.738690002639487e-06,102760517,128,7374912,3,2.052735174778989e-07
109152958776282151,3244889460001658,129348349460001657,75917841941953,1657,1,0,19233646,0.340889337790096,17676,55394.4837539,3306.72998046875,2578.31005859375,0.09852209687232971,0.09457819908857346,-0.2563070058822632,17.49209976196289,295.87763334,0.95978088,0.025251999497413635,0.024241099134087563,-2.1108999252319336,24.421300888061523,-0.1467130035161972,43.0,1.1113699674606323,0.0001808560045901686,2.707819930947153e-06,2.8597800731658936,2.754460096359253,3.9017601013183594,-0.03105269931256771,0.9994959831237793,0.9994959831237793,1.3140699863433838,-0.03478119894862175,0.9140009880065918,0.0035251500084996223,0.8105490207672119,1.7906500101089478,1.0955100059509277,0.04548120126128197,0.05781859904527664,0.0002799050125759095,-0.0027922599110752344,0.00014450500020757318,1.4408800552700995e-06,0.9516339898109436,6.663990020751953,0.00015797599917277694,3.644019898274564e-06,4.476630210876465,6.894830221426673e-06,1.817509996726585e-06,102760517,128,108005440,3,2.052735174778989e-07
109152958776282151,3244953440001082,240036756440001081,75917841941953,1081,1,0,63774944,0.427956585239579,17676,56501.3678223,904.7050170898438,1924.5400390625,0.024844199419021606,0.02324249967932701,-0.2573080062866211,106.41100311279297,295.87762229,0.95977144,0.006392620038241148,0.005980500020086765,-0.7099270224571228,24.461999893188477,-0.09839700162410736,43.0,1.0930500030517578,0.00025375100085511804,2.2105700736574363e-06,1.5852500200271606,1.0989500284194946,-40.40650177001953,-0.30814599990844727,0.997573971748352,0.997573971748352,1.4310499429702759,-0.4777489900588989,0.17039799690246582,-0.03777400031685829,0.15867599844932556,0.9066359996795654,0.8132960200309753,0.014675799757242203,0.010000799782574177,0.00018113800615537912,-0.004471649881452322,0.0002524069859646261,1.9388999135117047e-06,0.8658030033111572,2.573080062866211,0.00023337399761658162,2.389170049355016e-06,2.266590118408203,7.790479685354512e-06,1.817040015339444e-06,102760517,128,7374912,3,2.052735174778989e-07
109152958776282151,3247179020002910,90850450020002909,75917841941953,2909,2,0,8238302,0.191709747716514,17676,55009.5047297,1489.489990234375,3700.6201171875,0.05266439914703369,0.04334919899702072,-0.255623996257782,-144.27999877929688,295.87762137,0.95975592,0.013462300412356853,0.011081100441515446,-0.6307139992713928,24.722400665283203,-0.06067299842834473,38.0,1.0668799877166748,0.0001127520008594729,1.8311700387130259e-06,1.4535000324249268,1.2099800109863281,-6.8484601974487305,0.044297099113464355,0.9996449947357178,0.6332280039787292,1.2387499809265137,-0.5282279849052429,0.23785099387168884,-0.004392730072140694,0.18413600325584412,0.9416090250015259,0.8027629852294922,0.016475899145007133,0.001856470014899969,0.003883899888023734,-0.003312529996037483,0.00011293699935777113,1.2228799732838525e-06,0.884194016456604,3.0674901008605957,0.00010122200183104724,2.3517200133937877e-06,2.354020118713379,1.6721100109862164e-05,2.258889935546904e-06,102760453,160,2112,3,2.052735174778989e-07
109152958776282151,3247234020002850,90851569020002849,75917841941953,2849,2,0,8235302,0.828303091999426,17676,55009.5159183,1486.5400390625,3702.389892578125,0.07332160323858261,0.06384749710559845,-0.25562000274658203,-144.28199768066406,295.87762774,0.95976203,0.018742499873042107,0.01632069982588291,1.1741000413894653,24.694299697875977,-0.0879490002989769,38.0,1.0764199495315552,0.00010480800119694322,2.010420075748698e-06,1.7238600254058838,1.485550045967102,-11.634099960327148,0.022452499717473984,0.9993900060653687,0.9578059911727905,1.2093499898910522,0.24035599827766418,0.33417999744415283,-0.0055922698229551315,0.291500985622406,1.1628700494766235,0.9386829733848572,0.03401729837059975,-0.008792480453848839,0.0031367898918688297,-0.0010176199721172452,0.0001133740006480366,1.2292399560465128e-06,0.9167320132255554,3.8343000411987305,0.00010319300054106861,2.9352399906201754e-06,2.907180070877075,1.7762400602805428e-05,2.3012000838207314e-06,102760453,128,124782656,3,2.052735174778989e-07
109152958776282151,3247286470001864,91935604470001863,75917841941953,1863,3,0,8587747,0.10990053146137,17676,55020.3563947,2315.510009765625,3014.469970703125,0.14023800194263458,0.09721390157938004,-0.25559499859809875,161.76400756835938,295.87762035,0.95976739,0.03584419935941696,0.024847399443387985,-2.9913198947906494,24.612199783325195,0.012943999841809273,60.0,1.3375600576400757,0.0002761920040939003,8.746130333747715e-06,1.8955199718475342,1.3157600164413452,-1.9584100246429443,-0.06663069874048233,0.9997400045394897,0.0,1.1886500120162964,-0.0027777201030403376,0.29457199573516846,-0.004452419932931662,0.17608599364757538,-999.0,0.5277079939842224,0.0657413974404335,-0.007230119779706001,0.016302799805998802,-0.0016712199430912733,0.00015551899559795856,1.1955700074395281e-06,0.902961015701294,3.5783300399780273,-999.0,-999.0,-999.0,0.00125792995095253,1.4844399629510008e-05,102760453,160,2112,3,2.052735174778989e-07
109152958776282151,3247320470002122,91936513470002121,75917841941953,2121,3,0,8588447,0.6833197993071,17676,55020.3654908,2315.280029296875,3017.5400390625,0.1051269993185997,0.06979390233755112,-0.2555919885635376,161.76400756835938,295.87762084,0.95975806,0.026869699358940125,0.017838800325989723,-0.9003270268440247,24.622499465942383,0.020903000608086586,60.0,1.283619999885559,0.00025654598721303046,6.581629804713884e-06,1.7744200229644775,1.1763999462127686,1.570870041847229,-0.06692390143871307,0.998960018157959,0.0,1.148569941520691,-0.36794599890708923,0.28149300813674927,0.006401559803634882,0.18173199892044067,0.9121959805488586,0.7195870280265808,-0.009702290408313274,-0.017339499667286873,0.016217200085520744,0.007356420159339905,0.00021982799808029085,1.4176999911796884e-06,0.904075026512146,3.322700023651123,0.00022105500102043152,1.0216300324827898e-05,2.280489921569824,0.0008534779772162437,1.1269399692537263e-05,102760517,160,2112,3,2.052735174778989e-07
